{"train_loss": 95.84173402190208, "epoch": 100, "_timestamp": 1714007894.1261418, "_runtime": 2111.5685708522797, "_step": 199, "validation_loss": 10.95693588256836, "_wandb": {"runtime": 2110}}