{"train_loss": 644.327721118927, "epoch": 3, "_timestamp": 1713981645.4638329, "_runtime": 481.92911291122437, "_step": 5, "validation_loss": 161.78156661987305, "_wandb": {"runtime": 481}}