{"train_loss": 25.85660880804062, "epoch": 100, "_timestamp": 1714025702.285152, "_runtime": 1381.8347618579865, "_step": 199, "validation_loss": 4.734180502593517, "_wandb": {"runtime": 1381}}