{"train_loss": 251.76390719413757, "epoch": 100, "_timestamp": 1714001942.2567134, "_runtime": 2107.6825544834137, "_step": 199, "validation_loss": 28.68369948863983, "_wandb": {"runtime": 2106}}