{"train_loss": 89.02549162507057, "epoch": 100, "_timestamp": 1714009278.9071646, "_runtime": 1367.4847025871277, "_step": 199, "validation_loss": 20.139359921216965, "_wandb": {"runtime": 1366}}