{"train_loss": 807.3345693051815, "epoch": 100, "_timestamp": 1713997682.4804907, "_runtime": 7623.359576702118, "_step": 199, "validation_loss": 21.63708484172821, "_wandb": {"runtime": 7622}}