{"train_loss": 39.40008367598057, "epoch": 100, "_timestamp": 1714014506.7015927, "_runtime": 1367.0065395832062, "_step": 199, "validation_loss": 11.388821676373482, "_wandb": {"runtime": 1366}}