{"train_loss": 193.9173730313778, "epoch": 100, "_timestamp": 1714020473.3826287, "_runtime": 3816.3765935897827, "_step": 199, "validation_loss": 12.350292086601257, "_wandb": {"runtime": 3815}}