{"train_loss": 25.288416497409344, "epoch": 73, "_timestamp": 1714039722.7956018, "_runtime": 1391.8026208877563, "_step": 145, "validation_loss": 7.904608532786369, "_wandb": {"runtime": 1396}}