{"train_loss": 60.60716746747494, "epoch": 100, "_timestamp": 1713986154.133994, "_runtime": 2432.628795146942, "_step": 199, "validation_loss": 6.363197073340416, "_wandb": {"runtime": 2431}}