{"train_loss": 43.771024607121944, "epoch": 100, "_timestamp": 1713999819.425705, "_runtime": 2113.2801208496094, "_step": 199, "validation_loss": 5.957229167222977, "_wandb": {"runtime": 2112}}