{"train_loss": 58.2246256172657, "epoch": 100, "_timestamp": 1713987755.32262, "_runtime": 1564.6577789783478, "_step": 199, "validation_loss": 13.576368659734726, "_wandb": {"runtime": 1563}}