{"train_loss": 56.58104187250137, "epoch": 100, "_timestamp": 1713990043.9061766, "_runtime": 2270.257164478302, "_step": 199, "validation_loss": 4.637962460517883, "_wandb": {"runtime": 2269}}