{"train_loss": 179.3467317521572, "epoch": 100, "_timestamp": 1714029895.4580102, "_runtime": 4179.37739109993, "_step": 199, "validation_loss": 13.157337948679924, "_wandb": {"runtime": 4178}}