{"train_loss": 165.88404998928308, "epoch": 100, "_timestamp": 1714038312.9283369, "_runtime": 8399.550543785095, "_step": 199, "validation_loss": 4.9901557341217995, "_wandb": {"runtime": 8398}}