{"train_loss": 515.2752055078745, "epoch": 3, "_timestamp": 1713981146.692216, "_runtime": 712.9835879802704, "_step": 5, "validation_loss": 11.435089260339737, "_wandb": {"runtime": 712}}