{"train_loss": 68.01171134412289, "epoch": 100, "_timestamp": 1714016640.918266, "_runtime": 2117.719969034195, "_step": 199, "validation_loss": 9.826221480965614, "_wandb": {"runtime": 2116}}