{"train_loss": 18.361299708485603, "epoch": 100, "_timestamp": 1713983702.6736128, "_runtime": 1518.2212507724762, "_step": 199, "validation_loss": 4.490606412291527, "_wandb": {"runtime": 1517}}