{"train_loss": 221.90940167754889, "epoch": 10, "_timestamp": 1713979902.3440645, "_runtime": 1303.8374025821686, "_step": 19, "validation_loss": 5.626292891800404, "_wandb": {"runtime": 1303}}