{"train_loss": 99.11764557659626, "epoch": 100, "_timestamp": 1714005767.7914677, "_runtime": 3810.0358877182007, "_step": 199, "validation_loss": 7.7929447293281555, "_wandb": {"runtime": 3809}}