{"train_loss": 139.8504707068205, "epoch": 100, "_timestamp": 1714013115.4284632, "_runtime": 3821.714720249176, "_step": 199, "validation_loss": 2.277536515146494, "_wandb": {"runtime": 3820}}