{"train_loss": 190.27571131289005, "epoch": 100, "_timestamp": 1714024304.7670505, "_runtime": 3818.357469558716, "_step": 199, "validation_loss": 12.079266399145126, "_wandb": {"runtime": 3817}}